Page Title;Meta Description;Link;Type;Industry;Industry 2;Industry 3;Technolgy;Technology 2;Technology 3;Business;Business 2;Business 3;Business 4;Trending;Trending 2;Trending 3;Trending 4;;;;;
de droom van de maakindustrie: Data uit het veld als input voor innovatie;;https://www.delaware.pro/nl-NL/Discover/Blog/de-droom-van-de-maakindustrie-data-uit-het-veld-als-input-voor-innovatie;Blogs;Discrete Manufacturing;;;SAP;;;;;;;;;;;;;;;
Misvattingen over beheer #1: De Helpdesk;;https://www.delaware.pro/nl-NL/Discover/Blog/misvattingen-over-beheer-1-de-helpdesk;Blogs;;;;;;;operations;;;;;;;;;;;;
Visproducent Anova Seafood in samenwerking met delaware: van trade naar private label;;https://www.delaware.pro/nl-NL/Discover/Cases/anova-seafood;Cases;Food;;;SAP;;;;;;;;;;;;;;;
delaware en GIB werken samen aan Smart Manufacturing;;https://www.delaware.pro/nl-NL/Discover/News/gib;news;Discrete Manufacturing;;;SAP;;;;;;;;;;;;;;;
Het implementeren van een succesvolle BI-strategie start bij het inventariseren van de behoeften van eindgebruikers;;https://www.delaware.pro/nl-NL/Discover/Cases/heuschen-en-schrouff;Cases;;;;SAP;;;;;;;;;;;;;;;
Wonen op Mars, maar alle relevante informatie op Aarde: hoe overbrug je dat?;;https://www.delaware.pro/nl-NL/Discover/Blog/wonen-op-mars;Blogs;;;;OpenText;;;;;;;;;;;;;;;
Hoe is het om te werken bij delaware? Delawarian Ralph Jansen praat je bij!;;https://www.delaware.pro/nl-NL/Discover/Blog/hoe-is-het-om-te-werken-bij-delaware-delawarian-ralph-jansen-praat-je-bij;Blogs;;;;;;;;;;;;;;;;;;;
De Spotifyisering van de maakindustrie: waar het heengaat en wat jij daarvan kunt leren;;https://www.delaware.pro/nl-NL/Discover/Blog/de-spotifyisering-van-de-maakindustrie;Blogs;Discrete Manufacturing;;;;;;;;;;;;;;;;;;
Wettelijke kaders en wenselijke kaders samenbrengen;;https://www.delaware.pro/nl-NL/Discover/Cases/pzh;Cases;;;;Information management;;;;;;;;;;;;;;;
De innovatie revolutie op het platteland en wat jij daarvan kunt leren;;https://www.delaware.pro/nl-NL/Discover/Blog/de-innovatie-revolutie-op-het-platteland-en-wat-jij-daarvan-kunt-leren;Blogs;food;;;;;;;;;;;;;;;;;;
IoT in discrete manufacturing: 5 tips om vandaag al te starten;;https://www.delaware.pro/nl-NL/Discover/Blog/iot-in-discrete-manufacturing-5-tips-om-vandaag-al-te-starten;Blogs;Discrete Manufacturing;;;;;;;;;;Internet of Things;;;;;;;;
Van manual naar smart met SAP Invoice Management;;https://www.delaware.pro/nl-NL/Discover/Cases/stahl;Cases;;;;SAP;;;;;;;;;;;;;;;
Een transparante voedselketen: voor de producent een last of lust?;;https://www.delaware.pro/nl-NL/Discover/Blog/een-transparante-voedselketen;Blogs;Food;;;;;;;;;;;;;;;;;;
Factuurverwerking zonder zorgen;;https://www.delaware.pro/nl-NL/Discover/Blog/factuurverwerking-zonder-zorgen;blogs;;;;SAP;;;;;;;;;;;;;;;
Implementatie SAP S/4HANA bij producent Katja door delaware;;https://www.delaware.pro/nl-NL/Discover/News/implementatie-s4hana-fassin;News;Food;;;SAP;;;IT;;;;;;;;;;;;
Een smart manufacturer heeft zijn PLM op orde;;https://www.delaware.pro/nl-NL/Discover/Blog/een-smart-manufacturer-heeft-zijn-plm-op-orde;blogs;Discrete Manufacturing;;;SAP;;;;;;;;;;;;;;;
ALLIANDER NEEMT DE WIND IN DE ZEILEN EN TRANSFORMEERT HET INKOOPPROCES;;https://www.delaware.pro/nl-NL/Discover/Cases/alliander;cases;;;;OpenTExt;;;;;;;;;;;;;;;
delaware gaat de uitdaging aan! - Alpe d’Huzes 2017;;https://www.delaware.pro/nl-NL/Discover/Blog/alp-d-huzes;blogs;;;;;;;HR;;;;;;;;;;;;
Eerste nieuwe S4HANA-certificering in de BENELUX: delaware;;https://www.delaware.pro/nl-NL/Discover/News/s4hana-certification;news;;;;SAP;;;IT;;;;;;;;;;;;
De 5 grote voordelen van Internet of Things in de food industry;;https://www.delaware.pro/nl-NL/Discover/Blog/de-5-grote-voordelen-van-internet-of-things-in-de-food-industry;Blogs;Food;;;;;;;;;;;;;;;;;;
SAP on Azure Better together;;https://www.delaware.pro/en-NL/Discover/Blog/sap-on-azure-better-together;blogs;;;;Microsoft;;;IT;;;;;;;;;;;;
Delaware becomes KineMatik Authorised Partner for the KineMatik range of OpenText Content Suite Solutions. Improving Business Processes and Optimising Content, Across all Sectors.;;https://www.delaware.pro/en-NL/Discover/News/kinematik;news;;;;OpenText;;;;;;;;;;;;;;;
Nederlandse maakindustrie in de lift;;;Blogs;Discrete Manufacturing;;;SAP;;;Operations;IT;;;;;;;;;;;
De maakindustrie in een nieuw tijdperk;;;Blogs;Discrete Manufacturing;;;SAP;;;Operations;IT;;;;;;;;;;;
Toekomstbestendige productieplanning in de maakindustrie;;https://www.delaware.pro/en-NL/Discover/Blog/toekomstbestendige-productieplanning-in-de-maakindustrie;Blogs;Discrete Manufacturing;;;SAP;;;Operations;IT;;;;;;;;;;;
Voortman en Delaware Consulting: toekomst in de maak!;;https://www.delaware.pro/en-NL/Discover/Blog/voortman-en-delaware-consulting;Blogs;Discrete Manufacturing;;;SAP;;;Operations;IT;;;;;;;;;;;
5 voordelen van een ge?ntegreerd make-to-order (MTO*) 3D productieproces;;https://www.delaware.pro/en-NL/Discover/Blog/five-voordelen-van-een-geintegreerd-make-to-order;Blogs;Discrete Manufacturing;;;SAP;;;Operations;IT;;;;;;;;;;;
De toekomst van de maakindustrie in de 'networked economy';;https://www.delaware.pro/en-NL/Discover/Blog/de-toekomst-van-de-maakindustrie-in-de-networked-economy;Blogs;Discrete Manufacturing;;;SAP;;;Operations;IT;;;;;;;;;;;
Integratie is sleutelwoord voor industrie van de toekomst;;https://www.delaware.pro/en-NL/Discover/Blog/integratie-is-sleutelwoord-voor-industrie-van-de-toekomst;Blogs;Discrete Manufacturing;;;SAP;;;Operations;IT;;;;;;;;;;;
